Tube,TunnelElémentaire,Tunnel&G
A14-Y,A14,Complexe A14/A86
D7/A14-Y,A14,Complexe A14/A86
A14-Y/N192,A14,Complexe A14/A86
A14-Y/N1013,A14,Complexe A14/A86
D914/A14-Y,A14,Complexe A14/A86
A14-W,A14,Complexe A14/A86
A14-W/D7,A14,Complexe A14/A86
N192-W/A14-W,A14,Complexe A14/A86
N1013-W,A14,Complexe A14/A86
A14-W/D914 et,A14,Complexe A14/A86
Tronc commun B3-B8,A14,Complexe A14/A86
A14-Y/A86-E(B1),Echangeur A14/A86,Complexe A14/A86
A14-Y/A86-I(B2),Echangeur A14/A86,Complexe A14/A86
A86-E/A14-W (B3),Echangeur A14/A86,Complexe A14/A86
B4,Echangeur A14/A86,Complexe A14/A86
B5,Echangeur A14/A86,Complexe A14/A86
B8,Echangeur A14/A86,Complexe A14/A86
A86-I Nanterre,A86 Nanterre,Complexe A14/A86
A86-E Nanterre,A86 Nanterre,Complexe A14/A86
N192-W Trinity,Trinity,Complexe A14/A86
N192-Y Trinity,Trinity,Complexe A14/A86
A12-W Fontenay,Fontenay le Fleury,Fontenay le Fleury
A12-Y Fontenay,Fontenay le Fleury,Fontenay le Fleury
N12-W Chennevières,Chennevières,Chennevières
N12-Y Chennevières,Chennevières,Chennevières
A86-I Belle-Rive,Belle Rive,Belle Rive
A86-E Belle-Rive,Belle Rive,Belle Rive
N315-W Sévines,Sévines,Sévines
N315-Y Sévines,Sévines,Sévines
N13-W Neuilly,Neuilly,Neuilly
N13-Y Neuilly,Neuilly,Neuilly
A13-W Ambroise Paré,Ambroise Paré,Ambroise Paré
A13-Y Ambroise Paré,Ambroise Paré,Ambroise Paré
A13-W Saint Cloud,Saint Cloud,Saint Cloud
A13-Y Saint Cloud,Saint Cloud,Saint Cloud
A1-W Landy,Landy,Landy
A1-Y Landy,Landy,Landy
A86-I Norton,Norton,Bobigny-Lumen-Norton
A86-E Norton,Norton,Bobigny-Lumen-Norton
A86-I Lumen,Lumen,Bobigny-Lumen-Norton
A86-E Lumen,Lumen,Bobigny-Lumen-Norton
A86-I Bobigny,Bobigny,Bobigny-Lumen-Norton
A86-E Bobigny,Bobigny,Bobigny-Lumen-Norton
A86-I La Courneuve,La Courneuve,La Courneuve
A86-E La Courneuve,La Courneuve,La Courneuve
A115-W Taverny,Taverny,Taverny
A115-Y Taverny,Taverny,Taverny
A4-W Champigny,Champigny,Champigny
A4-Y Champigny,Champigny,Champigny
A86-I Nogent,Nogent,Nogent
A86-I Nogent,Nogent,Nogent
A86-I Guy Moquet,Guy Moquet,Thiais
A86-E Guy Moquet,Guy Moquet,Thiais
A86-I Moulin,Moulin,Thiais
A86-E Moulin,Moulin,Thiais
N19-W Boissy,Boissy,Boissy
N19-Y Boissy,Boissy,Boissy
N7 Orly-Nord,Orly-Nord,Orly
N7 Orly-Sud,Orly-Sud,Orly
A6B-W Italie,Porte d'Italie,Italie
A6B-Y Italie,Porte d'Italie,Italie
A6B Bicêtre,Bicêtre,Bicêtre
A86 Fresnes,Fresnes,Fresnes-Antony
A86 Antony,Antony,Fresnes-Antony
